name,age,city
John,30,New York
Alice,25,Los Angeles
Bob,35,Chicago
Cathy,28,Houston
David,42,Miami
Eva,31,Dallas
Frank,29,Seattle
Grace,27,San Francisco
Henry,39,Boston
Ivy,22,Denver
Jack,45,Atlanta
Kathy,36,Philadelphia
Leo,40,Phoenix
Mona,33,San Diego
Nina,26,Orlando
Oscar,38,Detroit
Paul,32,Las Vegas
Quinn,41,Austin
Rita,24,Portland
Sam,37,Sacramento
Tina,30,New Orleans
Ursula,34,St. Louis
Victor,29,Nashville
Wendy,44,Virginia Beach
Xander,21,Tampa
Yara,46,San Jose
Zane,48,Indianapolis
Alice,55,Columbus
Ethan,27,Kansas City
Olivia,32,Milwaukee
Noah,36,Atlanta
Sophia,28,Salt Lake City
Liam,38,Omaha
Emma,42,Charlotte
Ava,29,Cincinnati
Isabella,35,Raleigh
Mia,26,Minneapolis
Charlotte,24,Newark
Amelia,31,Virginia Beach
Harper,33,Louisville
Ella,39,Jacksonville
Scarlett,40,Baltimore
Grace,22,St. Paul
Chloe,28,Cleveland
Samantha,34,Pittsburgh
Aubrey,37,Tucson
Madison,30,Wichita
Emily,21,Anchorage
Addison,32,Atlanta
Kaylee,36,New York
Kylie,45,Los Angeles
Piper,28,Chicago
Bella,33,Houston
Ariana,30,Miami
